5b363a8e-5d18-4051-984f-a1f60200f113.jpg,3
de1249e7-f5bc-43f1-8db3-5c1e89bf53ec.jpg,8
06453d62-fe06-4d28-9d55-fccc8a52bb44.jpg,6
cd5522aa-7ca2-4e5d-b83d-296d2f6fdf9b.jpg,7
dc403698-52f5-40f2-856c-223e4cf8bf90.jpg,1
11a3c0f8-7130-43dd-9b18-4c9e97431dcb.jpg,8
bd033f43-b034-4b7a-b242-b4042aeb1879.jpg,2
ed3ce6c9-edff-493a-9f39-7d63dd634050.jpg,3
91c91727-2f65-4fd1-9185-ee16acd3644c.jpg,6
09225429-276a-4a4e-accd-9987d5e4438a.jpg,8
b7f15c55-b213-47ed-a801-55673f620348.jpg,1
ba9edcfc-67ea-4c07-b981-2abe3a1fb143.jpg,1
6db59be8-9c10-491c-8da7-d44de57ac686.jpg,6
27c7fbae-cd8b-4afa-812f-a9aa98fcfb4f.jpg,1
6ffe9c9e-4e9b-4dfb-a0ef-c729bf183abf.jpg,2
7c6db06a-4cfc-475b-a128-ee4537c3d62b.jpg,5
579dc50a-6d37-486d-9371-c7f4ecc9c879.jpg,2
e5a93622-1a3d-4a10-af56-c3a811cc0768.jpg,6
